Toyota;Yaris;DQW-3577
Toyota;Yaris;TSC-5121
Toyota;Yaris;NPQ-3989
Toyota;Yaris;JNO-1045
Toyota;Yaris;XKV-4819
Toyota;Yaris;IFS-9911
Toyota;Yaris;NFA-8238
Toyota;Yaris;ZXR-5551
Toyota;Yaris;QSL-8745
Toyota;Yaris;TAO-8718
Nissan;Navara;RGR-6495
Nissan;Navara;NUF-0706
Nissan;Navara;GYB-4119
Nissan;Navara;VZI-6042
Nissan;Navara;NYS-3396
Nissan;Navara;TFT-7653
Nissan;Navara;MUN-0087
Nissan;Navara;FUR-7606
Nissan;Navara;HFB-2636
Nissan;Navara;ZVZ-5326
Audi;A3;AAN-3044
Audi;A3;MCX-5951
Audi;A3;YCD-6484
Audi;A3;CYF-8927
Audi;A3;GWS-4191
Audi;A3;FRV-3011
Audi;A3;RIQ-5520
Audi;A3;FBW-5872
Audi;A3;UUU-3622
Audi;A3;BMJ-1545
BMW;X5;ELZ-9330
BMW;X5;COI-4190
BMW;X5;IKX-7296
BMW;X5;YIJ-2677
BMW;X5;WRV-8805
BMW;X5;HPS-1459
BMW;X5;VGC-6273
BMW;X5;UES-0195
BMW;X5;QJC-8686
BMW;X5;SYZ-5259
Suzuki;Swift;LUU-2284
Suzuki;Swift;YRX-4744
Suzuki;Swift;CVZ-4711
Suzuki;Swift;ONN-9494
Suzuki;Swift;RZH-3030
Suzuki;Swift;PGN-1011
Suzuki;Swift;QFZ-2979
Suzuki;Swift;QEE-4185
Suzuki;Swift;KCR-1568
Suzuki;Swift;LOY-0788
Honda;Civic;ILH-0474
Honda;Civic;YBM-7594
Honda;Civic;BEA-2497
Honda;Civic;MSP-5772
Honda;Civic;THS-9274
Honda;Civic;OYK-5357
Honda;Civic;AQF-7488
Honda;Civic;LIS-7686
Honda;Civic;YGR-1499
Honda;Civic;PTF-2600
Skoda;Fabia;PUO-9006
Skoda;Fabia;IOZ-5611
Skoda;Fabia;SAM-0535
Skoda;Fabia;KFE-1294
Skoda;Fabia;AAR-5647
Skoda;Fabia;IHN-4698
Skoda;Fabia;AWC-8745
Skoda;Fabia;OJH-3388
Skoda;Fabia;JST-2845
Skoda;Fabia;UPH-4098
Volvo;S90;VXG-1030
Volvo;S90;MUL-4298
Volvo;S90;QSY-1875
Volvo;S90;IJG-8022
Volvo;S90;WHE-9552
Volvo;S90;IHQ-6763
Volvo;S90;FUS-5562
Volvo;S90;AMV-3314
Volvo;S90;QSL-3922
Volvo;S90;ZOY-5230
Tesla;Roadster;SWZ-7076
Tesla;Roadster;YRP-7352
Tesla;Roadster;EEY-8348
Tesla;Roadster;MOC-6757
Tesla;Roadster;WQI-9676
Tesla;Roadster;DVE-8249
Tesla;Roadster;GNS-7500
Tesla;Roadster;PNG-3850
Tesla;Roadster;BTL-3033
Tesla;Roadster;IXY-2328
FIAT;Punto;GWD-1194
FIAT;Punto;XUF-7310
FIAT;Punto;MMK-1030
FIAT;Punto;BCY-8535
FIAT;Punto;QNL-5283
FIAT;Punto;DXC-7641
FIAT;Punto;UGQ-5585
FIAT;Punto;MUH-2965
FIAT;Punto;RHA-7797
FIAT;Punto;EMK-5138
